insert into programas(codigo,programa) values('111','civil');
insert into programas(codigo,programa) values('115','sistemas');
insert into tipos_documento(id,tipo_documento) values(1,'cc');
insert into tipos_documento(id,tipo_documento) values(2,'ti');
insert into tipos_persona(id,tipo_persona) values(1,'Estudiante');
insert into tipos_persona(id,tipo_persona) values(2,'Docente');
insert into tipos_persona(id,tipo_persona) values(3,'Administrativo');
insert into tipos_persona(id,tipo_persona) values(4,'Externo');
insert into personas (id,direccion,email,numero_documento,primer_nombre,segundo_nombre,primer_apellido,segundo_apellido,telefono,id_tipo_persona,id_tipo_documento,username,password,enabled) values (1,'atalaya','jhocel@gmail.com','10905','jhocel','duvan','suescun','torres','32102',1,1,'jhocel','$2a$10$n8.oDbyejLtZAcpKKRSsfuUSGMJ6LZ.qNmTURpganDyTZ.s6F.vkm',1);
insert into personas (id,direccion,email,numero_documento,primer_nombre,segundo_nombre,primer_apellido,segundo_apellido,telefono,id_tipo_persona,id_tipo_documento,username,password,enabled) values (2,'limonar','javier@gmail.com','15154','javier','eduardo','calderon','villamizar','3231',1,1,'javier','$2a$10$aMefgC8nnLjkzHfYjTjA6eKpdjqhVOlVczgvtJqAD0EUFaWO3U0JO',1);
insert into personas (id,direccion,email,numero_documento,primer_nombre,segundo_nombre,primer_apellido,segundo_apellido,telefono,id_tipo_persona,id_tipo_documento,username,password,enabled) values (3,'sdhfishfiks','madarme@gmail.com','84651','marco','antonio','adarme','jaimes','87654',2,1,'marco','$2y$12$ZtRDeYhOkJ4CIVoHq6rXFe880TXfvPecO84ehzs6AWHqzqTCLACdG',1);
insert into personas (id,direccion,email,numero_documento,primer_nombre,segundo_nombre,primer_apellido,segundo_apellido,telefono,id_tipo_persona,id_tipo_documento,username,password,enabled) values (4,'hnfisdfiksd','jairofuentes@gmail.com','87554','jairo','alberto','fuentes','camargo','156481',2,1,'jairo','$2y$12$m2ZNAm7Y/AhZX6L26ysWpuEZiICqgbNVnNYfWLwyCwY2jJNiKLst2',1);
insert into personas (id,direccion,email,numero_documento,primer_nombre,segundo_nombre,primer_apellido,segundo_apellido,telefono,id_tipo_persona,id_tipo_documento,username,password,enabled) values (5,'ahsfiahnf','oscargallardo@gmail.com','68754','oscar','alberto','gallardo','perez','455464',2,1,'oscar','$2y$12$.0WE21UcXFmZ0v86bicaN.YWOlLZrH5MrTinJS5AKmUhyuQ/vSlQW',1);
insert into personas (id,direccion,email,numero_documento,primer_nombre,segundo_nombre,primer_apellido,segundo_apellido,telefono,id_tipo_persona,id_tipo_documento,username,password,enabled) values (6,'jndksnf','mariat@gmail.com','451','maria','teresa','tovar','no sé el otro','86545',3,1,'mariat','$2y$12$kZilElWv1J9L4vZnyZeo.e3.XpgCOXy9FC9TOzAN9kJ8QQdtqhI3a',1);
insert into personas (id,direccion,email,numero_documento,primer_nombre,segundo_nombre,primer_apellido,segundo_apellido,telefono,id_tipo_persona,id_tipo_documento,username,password,enabled) values (7,'dnkisndgks','pedro@gmail.com','1561','pedro','npi','llanos','npi x2','8754',4,1,'pedro','$2y$12$Pf.esTZF8K56QzyElVOPHeQHLLktyT9MPHF8FQ0sVkZBmkh3cVV/C',1);
insert into estudiantes (consecutivo,id_persona,codigo_programa) values ('1241',1,'115');
insert into estudiantes (consecutivo,id_persona,codigo_programa) values ('1229',2,'115');
insert into docentes (id_persona,codigo) values (3,'05848');
insert into docentes (id_persona,codigo) values (4,'08465');
insert into docentes (id_persona,codigo) values (5,'01516');
insert into administrativos (id_persona,cargo) values (6,'secretaria');
insert into externos (id_persona,profesion) values (7,'algo en la vida');
insert into roles(id,authority,id_persona) values(1,'ROLE_ADMIN',1);
insert into roles(id,authority,id_persona) values(2,'ROLE_USER',1);
insert into roles(id,authority,id_persona) values(3,'ROLE_USER',2);
insert into tipos_participante(id,tipo_participante) values(1,'Asistente');
insert into tipos_participante(id,tipo_participante) values(2,'Ponente');
insert into tipos_educacion_continua(id,tipo_educacion_continua) values(1,'Curso');
insert into tipos_educacion_continua(id,tipo_educacion_continua) values(2,'Diplomado');
insert into tipos_educacion_continua(id,tipo_educacion_continua) values(3,'Simposio');
insert into tipos_educacion_continua(id,tipo_educacion_continua) values(4,'Taller');
insert into tipos_educacion_continua(id,tipo_educacion_continua) values(5,'Seminario');
insert into tipos_educacion_continua(id,tipo_educacion_continua) values(6,'Congreso');
insert into educacion_continua(id,nombre,fecha_inicio,fecha_fin,fecha_lim_inscripcion,contenido_general,cant_max_participantes,resumen,costo,duracion,id_tipo_educacion_continua) values(1,'CIINATIC','2019-10-08','2019-10-10','2019-10-05','contenido generalll CIINATIC',10,'BBBBB',30000,2,6);
insert into educacion_continua(id,nombre,fecha_inicio,fecha_fin,fecha_lim_inscripcion,contenido_general,cant_max_participantes,resumen,costo,duracion,id_tipo_educacion_continua) values(2,'EISI','2016-04-06','2016-04-08','2016-04-02','contenido generalll EISI',100,'aaaa',52000,4,4);
insert into jornadas(id,fecha,hora_inicio,hora_fin,educacion_continua_id) values(1,'2016-04-06','2016-04-08 08:00:00','2016-04-02 12:00:00',1);
insert into jornadas(id,fecha,hora_inicio,hora_fin,educacion_continua_id) values(2,'2016-04-06','2016-04-08 14:00:00','2016-04-02 18:00:00',1);
insert into jornadas(id,fecha,hora_inicio,hora_fin,educacion_continua_id) values(3,'2019-10-10','2019-10-10 08:00:00','2019-10-10 12:00:00',2);
insert into participantes(id,educacion_continua_id, id_tipo_participante,id_persona) values(1,1,2,1);
insert into ponentes(id_participante,tema) values(1,'algun tema');
insert into participantes(id,educacion_continua_id, id_tipo_participante,id_persona) values(2,1,1,2);
insert into asistentes(id_participante) values(2);
