insert into generos(id,genero) values(1,'Masculino');
insert into generos(id,genero) values(2,'Femenino');
insert into estados_civiles(id,estado_civil) values(1,'Soltero(a)');
insert into estados_civiles(id,estado_civil) values(2,'Casado(a)');
insert into estados_civiles(id,estado_civil) values(3,'Divorciado(a)');
insert into estados_civiles(id,estado_civil) values(4,'Viudo(a)');
insert into estados_civiles(id,estado_civil) values(5,'Unión Libre');
insert into estados_civiles(id,estado_civil) values(6,'Religioso(a)');
insert into estados_civiles(id,estado_civil) values(8,'Separado(a)');
insert into facultades(id,facultad) values(1,'Ciencias Agrarias y del Ambiente');
insert into facultades(id,facultad) values(2,'Ciencias Básicas');
insert into facultades(id,facultad) values(3,'Ciencias Empresariales');
insert into facultades(id,facultad) values(4,'Ciencias de la Salud');
insert into facultades(id,facultad) values(5,'Educación, Artes y Humanidades');
insert into facultades(id,facultad) values(6,'Ingeniería');
insert into departamentos(id,departamento,id_facultad) values(1,'Sistemas e Informática',6);
insert into departamentos(id,departamento,id_facultad) values(2,'Pedagogía, Andragogía, Comunicación y Multimedios',5);
insert into departamentos(id,departamento,id_facultad) values(3,'Humanidades, Sociales e Idiomas',5);
insert into departamentos(id,departamento,id_facultad) values(4,'Atención Clínica y Rehabilitación',4);
insert into departamentos(id,departamento,id_facultad) values(5,'Promoción, Protección',4);
insert into departamentos(id,departamento,id_facultad) values(6,'Fluidos y Térmicas',6);
insert into departamentos(id,departamento,id_facultad) values(7,'Construcciones Civiles',6);
insert into departamentos(id,departamento,id_facultad) values(8,'Matemáticas y Estadística',2);
insert into departamentos(id,departamento,id_facultad) values(9,'Física',2);
insert into departamentos(id,departamento,id_facultad) values(10,'Biología',2);
insert into departamentos(id,departamento,id_facultad) values(11,'Química',2);
insert into departamentos(id,departamento,id_facultad) values(12,'Electricidad y Electrónica',6);
insert into departamentos(id,departamento,id_facultad) values(13,'Medio Ambiente y Planes de Estudio de Ing. ambiental e Ing. Agroindustrial',1);
insert into departamentos(id,departamento,id_facultad) values(14,'Ciencias Agrícolas y Pecuarias y Programa Ing. Pecuaria',1);
insert into departamentos(id,departamento,id_facultad) values(15,'Ciencias Contables y Programa de Contaduría Pública',3);
insert into departamentos(id,departamento,id_facultad) values(16,'Ciencias Administrativas y Plan de Estudios de Administración de Empresas',3);
insert into programas(id,codigo,programa,id_facultad) values(1,'111','Ingeniería Civil',6);
insert into programas(id,codigo,programa,id_facultad) values(2,'115','Ingeniería de Sistemas',6);
insert into programas(id,codigo,programa,id_facultad) values(3,'164','Ingeniería Agroindustrial',6);
insert into programas(id,codigo,programa,id_facultad) values(4,'150','Arquitectura',5);
insert into programas(id,codigo,programa,id_facultad) values(5,'126','Comercio Internacional',3);
insert into programas(id,codigo,programa,id_facultad) values(6,'122','Contaduría Pública',3);
insert into programas(id,codigo,programa,id_facultad) values(7,'180','Enfermería',4);
insert into programas(id,codigo,programa,id_facultad) values(8,'134','Trabajo Social',5);
insert into tipos_documento(id,tipo_documento) values(1,'cc');
insert into tipos_documento(id,tipo_documento) values(2,'ti');
insert into tipos_persona(id,tipo_persona) values(1,'Estudiante');
insert into tipos_persona(id,tipo_persona) values(2,'Docente');
insert into tipos_persona(id,tipo_persona) values(3,'Administrativo');
insert into tipos_persona(id,tipo_persona) values(4,'Externo');
insert into personas (id,direccion,email,numero_documento,primer_nombre,segundo_nombre,primer_apellido,segundo_apellido,telefono,id_tipo_persona,id_tipo_documento,username,password,enabled,id_pais_nacimiento,id_departamento_nacimiento,id_municipio_nacimiento,fecha_nacimiento,fecha_expedicion_documento,id_estado_civil,id_genero) values (1,'atalaya','jhocel@gmail.com','10905','jhocel','duvan','suescun','torres','32102',1,1,'jhocel','$2a$10$n8.oDbyejLtZAcpKKRSsfuUSGMJ6LZ.qNmTURpganDyTZ.s6F.vkm',1,'170','54','54001','1997-01-03','2015-01-06',1,1);
insert into personas (id,direccion,email,numero_documento,primer_nombre,segundo_nombre,primer_apellido,segundo_apellido,telefono,id_tipo_persona,id_tipo_documento,username,password,enabled,id_pais_nacimiento,id_departamento_nacimiento,id_municipio_nacimiento,fecha_nacimiento,fecha_expedicion_documento,id_estado_civil,id_genero) values (2,'limonar','javier@gmail.com','15154','javier','eduardo','calderon','villamizar','3231',1,1,'javier','$2a$10$aMefgC8nnLjkzHfYjTjA6eKpdjqhVOlVczgvtJqAD0EUFaWO3U0JO',1,'170','54','54239','1948-10-22','1966-07-04',1,1);
insert into personas (id,direccion,email,numero_documento,primer_nombre,segundo_nombre,primer_apellido,segundo_apellido,telefono,id_tipo_persona,id_tipo_documento,username,password,enabled,id_pais_nacimiento,id_departamento_nacimiento,id_municipio_nacimiento,fecha_nacimiento,fecha_expedicion_documento,id_estado_civil,id_genero) values (3,'sdhfishfiks','madarme@gmail.com','84651','marco','antonio','adarme','jaimes','87654',2,1,'marco','$2y$12$ZtRDeYhOkJ4CIVoHq6rXFe880TXfvPecO84ehzs6AWHqzqTCLACdG',1,'170','05','05001','2002-08-12','2020-06-21',8,1);
insert into personas (id,direccion,email,numero_documento,primer_nombre,segundo_nombre,primer_apellido,segundo_apellido,telefono,id_tipo_persona,id_tipo_documento,username,password,enabled,id_pais_nacimiento,id_departamento_nacimiento,id_municipio_nacimiento,fecha_nacimiento,fecha_expedicion_documento,id_estado_civil,id_genero) values (4,'hnfisdfiksd','jairofuentes@gmail.com','87554','jairo','alberto','fuentes','camargo','156481',2,1,'jairo','$2y$12$m2ZNAm7Y/AhZX6L26ysWpuEZiICqgbNVnNYfWLwyCwY2jJNiKLst2',1,'170','68','68001','1995-04-17','2013-03-07',2,1);
insert into personas (id,direccion,email,numero_documento,primer_nombre,segundo_nombre,primer_apellido,segundo_apellido,telefono,id_tipo_persona,id_tipo_documento,username,password,enabled,id_pais_nacimiento,id_departamento_nacimiento,id_municipio_nacimiento,fecha_nacimiento,fecha_expedicion_documento,id_estado_civil,id_genero) values (5,'ahsfiahnf','oscargallardo@gmail.com','68754','oscar','alberto','gallardo','perez','455464',2,1,'oscar','$2y$12$.0WE21UcXFmZ0v86bicaN.YWOlLZrH5MrTinJS5AKmUhyuQ/vSlQW',1,'408',null,null,'1985-11-04','2003-10-17',4,1);
insert into personas (id,direccion,email,numero_documento,primer_nombre,segundo_nombre,primer_apellido,segundo_apellido,telefono,id_tipo_persona,id_tipo_documento,username,password,enabled,id_pais_nacimiento,id_departamento_nacimiento,id_municipio_nacimiento,fecha_nacimiento,fecha_expedicion_documento,id_estado_civil,id_genero) values (6,'jndksnf','mariat@gmail.com','451','maria','teresa','tovar','no sé el otro','86545',3,1,'mariat','$2y$12$kZilElWv1J9L4vZnyZeo.e3.XpgCOXy9FC9TOzAN9kJ8QQdtqhI3a',1,'152',null,null,'1978-07-24','1990-11-12',2,2);
insert into personas (id,direccion,email,numero_documento,primer_nombre,segundo_nombre,primer_apellido,segundo_apellido,telefono,id_tipo_persona,id_tipo_documento,username,password,enabled,id_pais_nacimiento,id_departamento_nacimiento,id_municipio_nacimiento,fecha_nacimiento,fecha_expedicion_documento,id_estado_civil,id_genero) values (7,'dnkisndgks','pedro@gmail.com','1561','pedro','npi','llanos','npi x2','8754',3,1,'pedro','$2y$12$Pf.esTZF8K56QzyElVOPHeQHLLktyT9MPHF8FQ0sVkZBmkh3cVV/C',1,'192',null,null,'1994-05-10','2012-09-25',5,1);
insert into personas (id,direccion,email,numero_documento,primer_nombre,segundo_nombre,primer_apellido,segundo_apellido,telefono,id_tipo_persona,id_tipo_documento,username,password,enabled,id_pais_nacimiento,id_departamento_nacimiento,id_municipio_nacimiento,fecha_nacimiento,fecha_expedicion_documento,id_estado_civil,id_genero) values (8,'gjfgjdh','carlos@gmail.com','8645','carlos','antonio','perez','rodriguez','86545',4,1,'carlos','$2y$12$YDPFttCM69kWxKG5amI53ewmrgrDllKrOtMI8YNsKnlUwkOZQrgKa',1,'218',null,null,'1956-01-08','1970-12-10',8,1);
insert into estudiantes (consecutivo,id_persona,id_programa) values ('1241',1,2);
insert into estudiantes (consecutivo,id_persona,id_programa) values ('1229',2,2);
insert into docentes (id_persona,codigo) values (3,'05848');
insert into docentes (id_persona,codigo) values (4,'08465');
insert into docentes (id_persona,codigo) values (5,'01516');
insert into administrativos (id_persona,cargo) values (6,'secretaria');
insert into administrativos (id_persona,cargo) values (7,'vicerector de extension');
insert into externos (id_persona,profesion) values (8,'ing de sistemas');
insert into roles(id,authority,id_persona) values(1,'ROLE_ESTUDIANTE',1);
insert into roles(id,authority,id_persona) values(2,'ROLE_BECA',1);
insert into roles(id,authority,id_persona) values(3,'ROLE_ESTUDIANTE',2);
insert into roles(id,authority,id_persona) values(4,'ROLE_DOCENTE',3);
insert into roles(id,authority,id_persona) values(5,'ROLE_DOCENTE',4);
insert into roles(id,authority,id_persona) values(6,'ROLE_DOCENTE',5);
insert into roles(id,authority,id_persona) values(7,'ROLE_DIRPROGRAMA',5);
insert into roles(id,authority,id_persona) values(8,'ROLE_ADMINISTRATIVO',6);
insert into roles(id,authority,id_persona) values(9,'ROLE_ADMINISTRATIVO',7);
insert into roles(id,authority,id_persona) values(10,'ROLE_SUPERADMIN',7);
insert into roles(id,authority,id_persona) values(11,'ROLE_EXTERNO',8);
insert into tipos_participante(id,tipo_participante) values(1,'Asistente');
insert into tipos_participante(id,tipo_participante) values(2,'Ponente');
insert into tipos_educacion_continua(id,tipo_educacion_continua) values(1,'Curso');
insert into tipos_educacion_continua(id,tipo_educacion_continua) values(2,'Diplomado');
insert into tipos_educacion_continua(id,tipo_educacion_continua) values(3,'Simposio');
insert into tipos_educacion_continua(id,tipo_educacion_continua) values(4,'Taller');
insert into tipos_educacion_continua(id,tipo_educacion_continua) values(5,'Seminario');
insert into tipos_educacion_continua(id,tipo_educacion_continua) values(6,'Congreso');
insert into educacion_continua(id,nombre,fecha_inicio,fecha_fin,fecha_lim_inscripcion,contenido_general,cant_max_participantes,resumen,costo,duracion,id_tipo_educacion_continua,imagen,id_docente,id_programa,consecutivo) values(1,'CIINATIC','2019-10-08','2019-10-10','2019-10-05','contenido generalll CIINATIC',10,'BBBBB',30000,26,6,'/uploads/1.jpg',3,1,'111-CONGRESO001');
insert into educacion_continua(id,nombre,fecha_inicio,fecha_fin,fecha_lim_inscripcion,contenido_general,cant_max_participantes,resumen,costo,duracion,id_tipo_educacion_continua,imagen,id_docente,id_programa,consecutivo) values(2,'EISI','2016-04-06','2016-04-08','2016-04-02','contenido generalll EISI',100,'aaaa',52000,40,4,'/uploads/2.jpg',3,8'134-TALLER001');
insert into educacion_continua(id,nombre,fecha_inicio,fecha_fin,fecha_lim_inscripcion,contenido_general,cant_max_participantes,resumen,costo,duracion,id_tipo_educacion_continua,imagen,id_docente,id_programa,consecutivo) values(3,'CIINATIC2','2019-10-08','2019-10-10','2019-10-05','contenido generalll CIINATIC',10,'BBBBB',20000,35,1,'/uploads/3.png',3,3,'001');
insert into educacion_continua(id,nombre,fecha_inicio,fecha_fin,fecha_lim_inscripcion,contenido_general,cant_max_participantes,resumen,costo,duracion,id_tipo_educacion_continua,imagen,id_docente,id_programa,consecutivo) values(4,'CIINATIC3','2019-10-08','2019-10-10','2019-10-05','contenido generalll CIINATIC',10,'BBBBB',34800,20,2,'/uploads/4.jpg',5,6,'001');
insert into educacion_continua(id,nombre,fecha_inicio,fecha_fin,fecha_lim_inscripcion,contenido_general,cant_max_participantes,resumen,costo,duracion,id_tipo_educacion_continua,imagen,id_docente,id_programa,consecutivo) values(5,'CIINATIC4','2019-10-08','2019-10-10','2019-10-05','contenido generalll CIINATIC',10,'BBBBB',78647,25,3,'/uploads/5.jpg',3,4,'001');
insert into educacion_continua(id,nombre,fecha_inicio,fecha_fin,fecha_lim_inscripcion,contenido_general,cant_max_participantes,resumen,costo,duracion,id_tipo_educacion_continua,imagen,id_docente,id_programa,consecutivo) values(6,'CIINATIC5','2019-10-08','2019-10-10','2019-10-05','contenido generalll CIINATIC',10,'BBBBB',640000,40,5,'/uploads/6.jpg',4,2,'001');
insert into educacion_continua(id,nombre,fecha_inicio,fecha_fin,fecha_lim_inscripcion,contenido_general,cant_max_participantes,resumen,costo,duracion,id_tipo_educacion_continua,imagen,id_docente,id_programa,consecutivo) values(7,'CIINATIC6','2019-10-08','2019-10-10','2019-10-05','contenido generalll CIINATIC',10,'BBBBB',25500,60,6,'/uploads/7.jpg',3,1,'002');
insert into educacion_continua(id,nombre,fecha_inicio,fecha_fin,fecha_lim_inscripcion,contenido_general,cant_max_participantes,resumen,costo,duracion,id_tipo_educacion_continua,imagen,id_docente,id_programa,consecutivo) values(8,'CIINATIC7','2019-10-08','2019-10-10','2019-10-05','contenido generalll CIINATIC',10,'BBBBB',100000,70,1,'/uploads/8.jpg',5,5,'001');
insert into educacion_continua(id,nombre,fecha_inicio,fecha_fin,fecha_lim_inscripcion,contenido_general,cant_max_participantes,resumen,costo,duracion,id_tipo_educacion_continua,imagen,id_docente,id_programa,consecutivo) values(9,'CIINATIC8','2019-10-08','2019-10-10','2019-10-05','contenido generalll CIINATIC',10,'BBBBB',67800,10,2,'/uploads/9.jpg',4,6,'002');
insert into educacion_continua(id,nombre,fecha_inicio,fecha_fin,fecha_lim_inscripcion,contenido_general,cant_max_participantes,resumen,costo,duracion,id_tipo_educacion_continua,imagen,id_docente,id_programa,consecutivo) values(10,'CIINATIC9','2019-10-08','2019-10-10','2019-10-05','contenido generalll CIINATIC',10,'BBBBB',34500,36,3,'/uploads/10.jpg',5,8,'001');

insert into jornadas(id,fecha,hora_inicio,hora_fin,educacion_continua_id) values(1,'2016-04-06','2016-04-08 08:00:00','2016-04-02 12:00:00',1);
insert into jornadas(id,fecha,hora_inicio,hora_fin,educacion_continua_id) values(2,'2016-04-06','2016-04-08 14:00:00','2016-04-02 18:00:00',1);
insert into jornadas(id,fecha,hora_inicio,hora_fin,educacion_continua_id) values(3,'2019-10-10','2019-10-10 08:00:00','2019-10-10 12:00:00',2);
insert into participantes(id,educacion_continua_id, id_tipo_participante,id_persona) values(1,1,2,1);
insert into ponentes(id_participante,tema) values(1,'algun tema');
insert into participantes(id,educacion_continua_id, id_tipo_participante,id_persona) values(2,1,1,2);
insert into asistentes(id_participante) values(2);

